Name,Age,Team,Gm,AB,PA,H,R,HR,RBI,SB,AVG,2B,BB,SO,CS,BB%,K%,BB/K,OBP,SLG,OPS,ISO,BABIP,GB/FB,FB%,HR/FB,GB%,IFFB%,LD%,Pull%,Cent%,Oppo%,Soft%,Med%,Hard%,Balls,Balls/PA,Strikes,Strikes/PA,Pitches,Pitches/PA,O-Swing%,Z-Swing%,Swing%,O-Contact%,Z-Contact%,Contact%,Zone%,F-Strike%,SwStr%
Abraham Almonte,27,2 Teams,82,232,258,58,36,5,24,7,0.25,12,21,52,1,0.08,0.20,0.4,0.31,0.409,0.719,0.159,0.299,1.6,0.31,0.096,0.49,0.15,0.21,0.41,0.36,0.23,0.25,0.48,0.27,366,1.42,615,2.38,981,3.8,0.30,0.69,0.47,0.61,0.86,0.77,0.45,0.63,0.11
Mark Teixeira,36.2,Yankees,111,392,462,100,57,31,79,2,0.255,22,59,85,0,0.13,0.18,0.69,0.357,0.548,0.906,0.293,0.246,0.92,0.42,0.235,0.39,0.09,0.19,0.55,0.29,0.16,0.17,0.48,0.35,747,1.62,1068,2.31,1815,3.93,0.25,0.68,0.44,0.64,0.87,0.80,0.44,0.60,0.09
Salvador Perez,26.1,Royals,142,531,553,138,52,21,70,1,0.26,25,13,82,0,0.02,0.15,0.16,0.28,0.426,0.706,0.166,0.27,1.12,0.37,0.124,0.42,0.14,0.21,0.43,0.37,0.20,0.20,0.56,0.24,562,1.02,1278,2.31,1840,3.33,0.43,0.69,0.55,0.74,0.91,0.83,0.45,0.61,0.09
Brett Lawrie,26.4,Athletics,149,562,602,146,64,16,60,5,0.26,29,28,144,2,0.05,0.24,0.19,0.299,0.407,0.706,0.148,0.32,1.49,0.33,0.116,0.49,0.06,0.19,0.38,0.37,0.25,0.17,0.54,0.29,776,1.29,1521,2.53,2297,3.82,0.36,0.64,0.49,0.61,0.85,0.76,0.47,0.64,0.12
Kole Calhoun,28.7,Angels,159,630,686,161,78,26,83,4,0.256,23,45,164,1,0.07,0.24,0.27,0.308,0.422,0.731,0.167,0.304,1.18,0.35,0.157,0.42,0.07,0.23,0.43,0.34,0.23,0.19,0.53,0.28,944,1.38,1613,2.35,2557,3.73,0.32,0.73,0.50,0.55,0.86,0.74,0.42,0.65,0.13
Billy Hamilton,25.8,Reds,114,412,454,93,56,4,28,57,0.226,8,28,75,8,0.06,0.17,0.37,0.274,0.289,0.563,0.063,0.264,1.13,0.38,0.034,0.43,0.06,0.20,0.29,0.42,0.29,0.23,0.58,0.19,598,1.32,1079,2.38,1677,3.69,0.28,0.64,0.44,0.73,0.89,0.84,0.46,0.64,0.07
Austin Jackson,29.4,2 Teams,136,491,527,131,56,9,48,17,0.267,25,29,126,10,0.06,0.24,0.23,0.311,0.385,0.696,0.118,0.342,2.08,0.25,0.101,0.51,0.02,0.24,0.36,0.38,0.26,0.13,0.57,0.30,784,1.49,1417,2.69,2201,4.18,0.27,0.64,0.45,0.63,0.88,0.80,0.48,0.62,0.09
Kolten Wong,25.7,Cardinals,150,557,613,146,71,11,61,15,0.262,28,36,95,8,0.06,0.16,0.38,0.321,0.386,0.707,0.124,0.296,1.36,0.33,0.072,0.45,0.15,0.23,0.41,0.36,0.24,0.21,0.51,0.27,811,1.32,1471,2.4,2282,3.72,0.36,0.73,0.51,0.70,0.91,0.82,0.40,0.56,0.09
Marcus Semien,25.8,Athletics,155,556,601,143,65,15,45,11,0.257,23,42,132,5,0.07,0.22,0.32,0.31,0.405,0.715,0.147,0.312,0.98,0.39,0.091,0.38,0.09,0.23,0.42,0.33,0.25,0.17,0.55,0.28,869,1.45,1501,2.5,2370,3.94,0.26,0.64,0.44,0.59,0.88,0.79,0.49,0.58,0.09
Joey Votto,32.8,Reds,158,545,695,171,95,29,80,11,0.314,33,143,135,3,0.21,0.19,1.06,0.459,0.541,1,0.228,0.371,1.28,0.33,0.216,0.42,0.02,0.25,0.37,0.37,0.26,0.10,0.52,0.38,1377,1.98,1644,2.37,3021,4.35,0.19,0.62,0.38,0.71,0.83,0.79,0.43,0.55,0.08
Jose Iglesias,26.5,Tigers,120,416,454,125,44,2,23,11,0.3,17,25,44,8,0.06,0.10,0.57,0.347,0.37,0.717,0.07,0.33,2.41,0.23,0.024,0.56,0.15,0.21,0.35,0.36,0.29,0.30,0.54,0.16,539,1.19,1151,2.54,1690,3.72,0.36,0.58,0.46,0.83,0.96,0.91,0.48,0.63,0.04
Devon Travis,25.4,Blue Jays,62,217,238,66,38,8,35,3,0.304,18,18,43,1,0.08,0.18,0.42,0.361,0.498,0.859,0.194,0.347,1.76,0.28,0.16,0.50,0.06,0.22,0.31,0.32,0.36,0.16,0.56,0.28,323,1.36,623,2.62,946,3.97,0.34,0.60,0.46,0.73,0.90,0.83,0.48,0.66,0.08
Andrew McCutchen,29.7,Pirates,157,566,685,165,91,23,96,11,0.292,36,98,133,5,0.14,0.19,0.74,0.401,0.488,0.889,0.196,0.339,1,0.38,0.136,0.38,0.06,0.24,0.39,0.38,0.23,0.13,0.48,0.39,1181,1.72,1599,2.33,2780,4.06,0.24,0.71,0.45,0.61,0.83,0.76,0.44,0.56,0.11
Ben Revere,28.2,2 Teams,152,592,634,181,84,2,45,31,0.306,22,32,64,7,0.05,0.10,0.5,0.342,0.377,0.719,0.071,0.338,2.89,0.19,0.02,0.55,0.04,0.26,0.35,0.40,0.25,0.20,0.62,0.18,775,1.22,1477,2.33,2252,3.55,0.30,0.58,0.42,0.80,0.97,0.90,0.44,0.57,0.04
Daniel Murphy,31.2,Mets,130,499,538,140,56,14,73,2,0.281,38,31,38,2,0.06,0.07,0.82,0.322,0.449,0.77,0.168,0.278,1.19,0.36,0.083,0.43,0.10,0.21,0.41,0.31,0.28,0.17,0.52,0.31,694,1.29,1197,2.22,1891,3.51,0.34,0.72,0.50,0.84,0.98,0.92,0.42,0.57,0.04
Buster Posey,29.3,Giants,150,557,623,177,74,19,95,2,0.318,28,56,52,0,0.09,0.08,1.08,0.379,0.47,0.849,0.153,0.32,1.3,0.34,0.11,0.44,0.07,0.22,0.35,0.38,0.27,0.17,0.49,0.35,838,1.35,1356,2.18,2194,3.52,0.31,0.72,0.49,0.79,0.93,0.88,0.43,0.59,0.06
David Peralta,28.9,Diamondbacks,149,462,517,144,61,17,78,9,0.312,26,44,107,4,0.09,0.21,0.41,0.371,0.522,0.893,0.21,0.368,1.96,0.27,0.177,0.52,0.06,0.21,0.38,0.40,0.22,0.13,0.52,0.35,708,1.37,1215,2.35,1923,3.72,0.32,0.68,0.48,0.60,0.88,0.78,0.43,0.63,0.11
Freddie Freeman,26.8,Braves,118,416,481,115,62,18,66,3,0.276,27,56,98,1,0.12,0.20,0.57,0.37,0.471,0.841,0.195,0.321,1.03,0.36,0.158,0.37,0.06,0.28,0.42,0.33,0.25,0.11,0.51,0.38,760,1.58,1111,2.31,1871,3.89,0.30,0.78,0.50,0.67,0.83,0.77,0.42,0.57,0.11
Stephen Vogt,31.7,Athletics,136,445,511,116,58,18,71,0,0.261,21,56,97,2,0.11,0.19,0.58,0.341,0.443,0.783,0.182,0.29,0.93,0.40,0.125,0.38,0.05,0.22,0.43,0.34,0.23,0.15,0.58,0.27,811,1.59,1291,2.53,2102,4.11,0.30,0.58,0.42,0.74,0.90,0.84,0.43,0.55,0.07
Avisail Garcia,25.1,White Sox,148,553,601,142,66,13,59,7,0.257,17,36,141,7,0.06,0.24,0.26,0.309,0.365,0.675,0.108,0.32,1.83,0.27,0.117,0.49,0.06,0.25,0.36,0.40,0.24,0.19,0.52,0.29,679,1.13,1463,2.43,2142,3.56,0.47,0.79,0.60,0.55,0.83,0.71,0.42,0.66,0.17
Corey Seager,22.2,Dodgers,27,98,113,33,17,4,17,2,0.337,8,14,19,0,0.12,0.17,0.74,0.425,0.561,0.986,0.224,0.387,2,0.27,0.19,0.53,0.00,0.20,0.38,0.46,0.17,0.14,0.41,0.46,174,1.54,282,2.5,456,4.04,0.30,0.77,0.52,0.56,0.88,0.78,0.46,0.63,0.11
Adam Eaton,27.6,White Sox,153,610,689,175,98,14,56,18,0.287,28,58,131,8,0.08,0.19,0.44,0.361,0.431,0.792,0.144,0.345,1.86,0.27,0.109,0.51,0.10,0.22,0.29,0.37,0.34,0.20,0.54,0.26,1001,1.45,1784,2.59,2785,4.04,0.29,0.60,0.44,0.72,0.90,0.84,0.47,0.59,0.07
Giancarlo Stanton,26.6,Marlins,74,279,318,74,47,27,67,4,0.265,12,34,95,2,0.11,0.30,0.36,0.346,0.606,0.952,0.341,0.294,0.77,0.45,0.321,0.35,0.13,0.20,0.47,0.31,0.22,0.16,0.34,0.50,483,1.52,738,2.32,1221,3.84,0.32,0.64,0.46,0.46,0.79,0.66,0.43,0.57,0.15
Freddy Galvis,26.6,Phillies,151,559,603,147,63,7,50,10,0.263,14,30,103,1,0.05,0.17,0.29,0.302,0.343,0.645,0.081,0.309,1.11,0.37,0.043,0.41,0.10,0.22,0.36,0.35,0.29,0.20,0.55,0.25,724,1.2,1564,2.59,2288,3.79,0.40,0.65,0.51,0.73,0.90,0.83,0.44,0.64,0.09
Marwin Gonzalez,27.3,Astros,120,344,370,96,44,12,34,4,0.279,18,16,74,5,0.04,0.20,0.22,0.317,0.442,0.759,0.163,0.326,1.34,0.33,0.138,0.44,0.15,0.23,0.49,0.34,0.17,0.19,0.49,0.32,426,1.15,884,2.39,1310,3.54,0.37,0.67,0.50,0.63,0.88,0.78,0.46,0.63,0.11
Paul Goldschmidt,28.8,Diamondbacks,159,567,695,182,103,33,110,21,0.321,38,118,151,5,0.17,0.22,0.78,0.435,0.57,1.005,0.249,0.382,1.19,0.35,0.223,0.42,0.05,0.23,0.30,0.40,0.30,0.10,0.49,0.41,1279,1.84,1638,2.36,2917,4.2,0.23,0.62,0.40,0.68,0.83,0.78,0.44,0.54,0.09
Johnny Giavotella,29,Angels,129,453,502,123,51,4,49,2,0.272,25,32,59,1,0.06,0.12,0.54,0.318,0.375,0.694,0.104,0.301,1.5,0.31,0.033,0.46,0.10,0.24,0.37,0.39,0.25,0.23,0.59,0.19,612,1.22,1144,2.28,1756,3.5,0.28,0.64,0.46,0.73,0.93,0.87,0.50,0.61,0.06
Yoenis Cespedes,30.7,2 Teams,159,633,676,184,101,35,105,7,0.291,42,33,141,5,0.05,0.21,0.23,0.328,0.542,0.87,0.251,0.323,1.1,0.38,0.186,0.42,0.09,0.20,0.44,0.35,0.22,0.14,0.50,0.36,921,1.36,1801,2.66,2722,4.03,0.39,0.65,0.51,0.68,0.87,0.78,0.44,0.58,0.11
Ben Zobrist,35.1,2 Teams,126,467,535,129,76,13,56,3,0.276,36,62,56,4,0.12,0.11,1.11,0.359,0.45,0.809,0.173,0.288,1.51,0.32,0.097,0.49,0.11,0.19,0.46,0.32,0.23,0.18,0.54,0.28,880,1.64,1277,2.39,2157,4.03,0.23,0.55,0.37,0.81,0.93,0.89,0.43,0.55,0.04
Randal Grichuk,24.9,Cardinals,103,323,350,89,49,17,47,4,0.276,23,22,110,2,0.06,0.31,0.2,0.329,0.548,0.877,0.272,0.365,0.91,0.42,0.191,0.38,0.10,0.21,0.51,0.31,0.19,0.16,0.47,0.37,489,1.4,902,2.58,1391,3.97,0.35,0.74,0.52,0.47,0.83,0.70,0.45,0.64,0.16
Chase Headley,32.1,Yankees,156,580,642,150,74,11,62,0,0.259,29,51,135,2,0.08,0.21,0.38,0.324,0.369,0.693,0.11,0.317,1.42,0.30,0.081,0.43,0.12,0.27,0.44,0.36,0.20,0.17,0.55,0.28,976,1.52,1585,2.47,2561,3.99,0.25,0.65,0.43,0.60,0.89,0.80,0.45,0.58,0.09
Nick Markakis,32.6,Braves,156,612,686,181,73,3,53,2,0.296,38,70,83,1,0.10,0.12,0.84,0.37,0.376,0.746,0.08,0.338,1.94,0.27,0.021,0.52,0.09,0.21,0.29,0.38,0.33,0.16,0.58,0.26,1015,1.48,1696,2.47,2711,3.95,0.27,0.62,0.43,0.86,0.93,0.90,0.44,0.56,0.04
Jean Segura,26.3,Brewers,142,560,584,144,57,6,50,25,0.257,16,13,93,6,0.02,0.16,0.14,0.281,0.336,0.616,0.079,0.298,2.43,0.24,0.053,0.59,0.09,0.17,0.25,0.38,0.37,0.26,0.55,0.20,617,1.06,1440,2.47,2057,3.52,0.40,0.70,0.54,0.73,0.92,0.85,0.47,0.66,0.08
J.D. Martinez,28.9,Tigers,158,596,657,168,93,38,102,3,0.282,33,53,178,2,0.08,0.27,0.3,0.344,0.535,0.879,0.253,0.339,0.79,0.44,0.208,0.34,0.05,0.22,0.41,0.35,0.24,0.13,0.45,0.42,921,1.4,1684,2.56,2605,3.96,0.36,0.76,0.54,0.57,0.81,0.72,0.44,0.64,0.15
Anthony Gose,25.9,Tigers,140,485,535,123,73,5,26,23,0.254,24,45,145,11,0.08,0.27,0.31,0.321,0.367,0.688,0.113,0.352,2.15,0.25,0.062,0.54,0.07,0.21,0.31,0.36,0.33,0.20,0.55,0.25,773,1.44,1358,2.54,2131,3.98,0.30,0.71,0.49,0.55,0.86,0.75,0.45,0.62,0.12
Albert Pujols,36.5,Angels,157,602,661,147,85,40,95,5,0.244,22,50,72,3,0.08,0.11,0.69,0.307,0.48,0.787,0.236,0.217,0.99,0.42,0.178,0.42,0.10,0.16,0.46,0.35,0.19,0.16,0.51,0.33,923,1.4,1591,2.41,2514,3.8,0.32,0.65,0.47,0.74,0.93,0.86,0.45,0.56,0.07
Nori Aoki,34.5,Giants,93,355,392,102,42,5,26,14,0.287,12,30,25,5,0.08,0.06,1.2,0.353,0.38,0.733,0.093,0.298,3.05,0.20,0.077,0.61,0.06,0.19,0.34,0.36,0.30,0.27,0.58,0.15,522,1.33,930,2.37,1452,3.7,0.29,0.64,0.46,0.86,0.95,0.92,0.48,0.61,0.04
Hanley Ramirez,32.5,Red Sox,105,401,430,100,59,19,53,6,0.249,12,21,71,3,0.05,0.17,0.3,0.291,0.426,0.717,0.177,0.257,1.69,0.30,0.192,0.50,0.12,0.20,0.37,0.40,0.23,0.24,0.45,0.31,558,1.3,1030,2.4,1588,3.69,0.34,0.72,0.51,0.69,0.89,0.82,0.44,0.59,0.09
Byron Buxton,22.5,Twins,46,129,138,27,16,2,6,2,0.209,7,6,44,2,0.04,0.32,0.14,0.25,0.326,0.576,0.116,0.301,1,0.43,0.059,0.43,0.09,0.14,0.39,0.37,0.24,0.24,0.48,0.28,167,1.21,346,2.51,513,3.72,0.31,0.62,0.46,0.46,0.83,0.70,0.50,0.64,0.14
Billy Butler,30.2,Athletics,151,538,601,135,63,15,65,0,0.251,28,52,101,0,0.09,0.17,0.51,0.323,0.39,0.713,0.139,0.282,1.61,0.32,0.108,0.51,0.09,0.18,0.38,0.33,0.29,0.15,0.55,0.30,807,1.34,1441,2.4,2248,3.74,0.30,0.63,0.46,0.66,0.91,0.82,0.47,0.62,0.08
Anthony Rizzo,26.9,Cubs,160,586,701,163,94,31,101,17,0.278,38,78,105,6,0.11,0.15,0.74,0.387,0.512,0.899,0.234,0.289,0.79,0.44,0.146,0.35,0.10,0.22,0.43,0.35,0.22,0.18,0.49,0.33,1067,1.52,1684,2.4,2751,3.92,0.33,0.68,0.47,0.71,0.92,0.83,0.39,0.55,0.08
Carlos Correa,21.8,Astros,99,387,432,108,52,22,68,14,0.279,22,40,78,4,0.09,0.18,0.51,0.345,0.512,0.857,0.233,0.296,1.67,0.29,0.242,0.49,0.09,0.22,0.36,0.34,0.30,0.20,0.47,0.33,669,1.55,1128,2.61,1797,4.16,0.32,0.62,0.46,0.70,0.89,0.81,0.44,0.57,0.08
Carlos Beltran,39.2,Yankees,133,478,531,132,57,19,67,0,0.276,34,45,85,0,0.09,0.16,0.53,0.337,0.471,0.808,0.195,0.297,0.83,0.43,0.111,0.36,0.08,0.22,0.44,0.36,0.20,0.13,0.54,0.33,759,1.43,1310,2.47,2069,3.9,0.30,0.67,0.46,0.71,0.91,0.84,0.44,0.57,0.07
David Ortiz,40.6,Red Sox,146,528,614,144,73,37,108,0,0.273,37,77,95,1,0.13,0.16,0.81,0.36,0.553,0.913,0.28,0.264,0.9,0.41,0.204,0.37,0.07,0.22,0.44,0.34,0.21,0.12,0.47,0.42,1037,1.69,1451,2.36,2488,4.05,0.29,0.72,0.46,0.66,0.85,0.78,0.40,0.52,0.10
Billy Burns,26.8,Athletics,125,520,555,153,70,5,42,26,0.294,18,26,81,8,0.05,0.15,0.32,0.334,0.392,0.726,0.098,0.339,1.79,0.28,0.041,0.50,0.21,0.22,0.30,0.37,0.34,0.31,0.56,0.14,590,1.06,1353,2.44,1943,3.5,0.38,0.79,0.58,0.79,0.89,0.86,0.49,0.68,0.08
Bryce Harper,23.7,Nationals,153,521,654,172,118,42,99,6,0.33,38,124,131,4,0.19,0.20,0.95,0.46,0.649,1.109,0.319,0.369,0.98,0.39,0.273,0.39,0.06,0.22,0.45,0.34,0.21,0.12,0.47,0.41,1180,1.8,1502,2.3,2682,4.1,0.28,0.73,0.45,0.61,0.84,0.75,0.39,0.55,0.11
Pablo Sandoval,29.9,Red Sox,126,470,505,115,43,10,47,0,0.245,25,25,73,0,0.05,0.15,0.34,0.292,0.366,0.658,0.121,0.27,1.51,0.32,0.078,0.49,0.13,0.19,0.30,0.40,0.31,0.22,0.54,0.25,561,1.11,1287,2.55,1848,3.66,0.49,0.75,0.60,0.78,0.87,0.83,0.41,0.65,0.10
Nick Castellanos,24.3,Tigers,154,549,595,140,42,15,73,0,0.255,33,39,152,3,0.07,0.26,0.26,0.303,0.419,0.721,0.164,0.322,0.9,0.40,0.092,0.36,0.01,0.23,0.36,0.35,0.29,0.11,0.56,0.32,820,1.38,1497,2.52,2317,3.89,0.35,0.70,0.50,0.53,0.84,0.72,0.44,0.64,0.14
Mitch Moreland,30.8,Rangers,132,471,515,131,51,23,85,1,0.278,27,32,112,0,0.06,0.22,0.29,0.33,0.482,0.812,0.204,0.317,1.32,0.35,0.183,0.46,0.11,0.20,0.45,0.33,0.23,0.15,0.50,0.36,741,1.44,1292,2.51,2033,3.95,0.31,0.70,0.48,0.58,0.87,0.76,0.43,0.57,0.11
Edwin Encarnacion,33.5,Blue Jays,146,528,624,146,94,39,111,3,0.277,31,77,98,2,0.12,0.16,0.79,0.372,0.557,0.929,0.28,0.267,0.81,0.45,0.199,0.36,0.18,0.19,0.50,0.30,0.20,0.20,0.44,0.36,1021,1.64,1496,2.4,2517,4.03,0.26,0.67,0.44,0.65,0.85,0.78,0.44,0.56,0.09
Justin Bour,28.1,Marlins,129,409,446,107,42,23,73,0,0.262,20,34,101,0,0.08,0.23,0.34,0.321,0.479,0.8,0.218,0.294,1.39,0.35,0.215,0.48,0.10,0.17,0.44,0.36,0.20,0.19,0.47,0.34,650,1.46,1057,2.37,1707,3.83,0.34,0.66,0.46,0.68,0.82,0.76,0.38,0.52,0.11
Mark Trumbo,30.5,2 Teams,142,508,545,133,62,22,64,0,0.262,23,36,132,0,0.07,0.24,0.27,0.31,0.449,0.759,0.187,0.313,1.03,0.40,0.145,0.42,0.13,0.18,0.37,0.33,0.30,0.16,0.50,0.33,731,1.34,1344,2.47,2075,3.81,0.37,0.72,0.52,0.59,0.81,0.72,0.43,0.61,0.15
Jonathan Schoop,24.7,Orioles,86,305,321,85,34,15,39,2,0.279,17,9,79,0,0.03,0.25,0.11,0.306,0.482,0.788,0.203,0.329,1.14,0.38,0.174,0.43,0.14,0.19,0.43,0.31,0.26,0.20,0.45,0.35,339,1.06,783,2.44,1122,3.5,0.45,0.84,0.61,0.59,0.80,0.72,0.43,0.66,0.18
Starlin Castro,26.3,Cubs,151,547,578,145,52,11,69,5,0.265,23,21,91,5,0.04,0.16,0.23,0.296,0.375,0.671,0.11,0.298,1.87,0.29,0.083,0.54,0.11,0.17,0.41,0.39,0.21,0.23,0.53,0.24,715,1.24,1421,2.46,2136,3.7,0.36,0.66,0.50,0.71,0.90,0.82,0.46,0.57,0.09
Yan Gomes,29,Indians,95,363,389,84,38,12,45,0,0.231,22,13,104,0,0.03,0.27,0.13,0.267,0.391,0.659,0.16,0.285,0.84,0.40,0.113,0.34,0.11,0.26,0.37,0.37,0.26,0.17,0.56,0.28,480,1.23,991,2.55,1471,3.78,0.39,0.70,0.53,0.66,0.88,0.80,0.46,0.65,0.11
Prince Fielder,32.1,Rangers,158,613,693,187,78,23,98,0,0.305,28,64,88,0,0.09,0.13,0.73,0.378,0.463,0.841,0.158,0.323,1.3,0.36,0.122,0.46,0.05,0.18,0.33,0.40,0.28,0.17,0.51,0.32,954,1.38,1529,2.21,2483,3.58,0.34,0.71,0.49,0.67,0.92,0.82,0.41,0.56,0.09
Hunter Pence,33.2,Giants,52,207,223,57,30,9,40,4,0.275,13,16,48,1,0.07,0.22,0.33,0.327,0.478,0.806,0.203,0.32,1.87,0.29,0.196,0.54,0.02,0.17,0.30,0.42,0.28,0.19,0.46,0.35,315,1.41,533,2.39,848,3.8,0.32,0.67,0.46,0.56,0.84,0.72,0.40,0.60,0.13
Nelson Cruz,36,Mariners,152,590,655,178,90,44,93,3,0.302,22,59,164,2,0.09,0.25,0.36,0.369,0.566,0.936,0.264,0.35,1.34,0.34,0.303,0.46,0.10,0.20,0.39,0.37,0.25,0.16,0.49,0.36,991,1.51,1641,2.51,2632,4.02,0.34,0.71,0.50,0.60,0.79,0.72,0.42,0.59,0.14
Ian Kinsler,34,Tigers,154,624,675,185,94,11,73,10,0.296,35,43,80,6,0.06,0.12,0.54,0.342,0.428,0.77,0.131,0.323,0.83,0.41,0.05,0.34,0.13,0.25,0.42,0.34,0.24,0.17,0.57,0.26,898,1.33,1628,2.41,2526,3.74,0.29,0.70,0.48,0.78,0.95,0.89,0.47,0.60,0.05
Carlos Gonzalez,30.7,Rockies,153,554,608,150,87,40,97,2,0.271,25,46,133,0,0.08,0.22,0.35,0.325,0.54,0.864,0.269,0.284,1.29,0.37,0.258,0.47,0.07,0.17,0.41,0.36,0.22,0.17,0.49,0.34,819,1.35,1416,2.33,2235,3.68,0.39,0.78,0.55,0.56,0.83,0.72,0.40,0.57,0.15
Juan Lagares,27.3,Mets,143,441,465,114,47,6,41,7,0.259,16,16,87,3,0.03,0.19,0.18,0.289,0.358,0.647,0.1,0.308,1.77,0.31,0.055,0.55,0.11,0.14,0.28,0.42,0.30,0.18,0.52,0.30,561,1.21,1250,2.69,1811,3.89,0.37,0.66,0.51,0.68,0.89,0.81,0.47,0.65,0.10
Carlos Santana,30.2,Indians,154,550,666,127,72,19,85,11,0.231,29,108,122,3,0.16,0.18,0.89,0.357,0.395,0.752,0.164,0.261,1.2,0.37,0.119,0.45,0.19,0.18,0.53,0.29,0.18,0.22,0.49,0.30,1274,1.91,1589,2.39,2863,4.3,0.22,0.58,0.37,0.70,0.90,0.83,0.43,0.48,0.06
Ryan Howard,36.6,Phillies,129,467,503,107,53,23,77,0,0.229,29,27,138,0,0.05,0.27,0.2,0.277,0.443,0.72,0.214,0.272,0.97,0.37,0.189,0.36,0.01,0.28,0.48,0.33,0.19,0.08,0.54,0.37,669,1.33,1228,2.44,1897,3.77,0.39,0.78,0.55,0.53,0.81,0.70,0.42,0.58,0.17
Matt Carpenter,30.6,Cardinals,154,574,665,156,101,28,84,4,0.272,44,81,151,3,0.12,0.23,0.54,0.365,0.505,0.871,0.233,0.321,0.71,0.42,0.158,0.30,0.02,0.29,0.39,0.37,0.24,0.11,0.52,0.37,1074,1.62,1733,2.61,2807,4.22,0.23,0.60,0.39,0.66,0.87,0.80,0.44,0.61,0.08
Jhonny Peralta,34.1,Cardinals,155,579,640,159,64,17,71,1,0.275,26,50,111,4,0.08,0.17,0.45,0.334,0.411,0.745,0.136,0.311,1.41,0.31,0.115,0.44,0.05,0.25,0.43,0.35,0.23,0.13,0.55,0.32,934,1.46,1510,2.36,2444,3.82,0.33,0.76,0.51,0.66,0.86,0.79,0.42,0.60,0.11
Francisco Lindor,22.6,Indians,99,390,438,122,50,12,51,12,0.313,22,27,69,2,0.06,0.16,0.39,0.353,0.482,0.835,0.169,0.348,1.77,0.29,0.13,0.51,0.11,0.21,0.35,0.36,0.29,0.19,0.56,0.25,552,1.26,1026,2.34,1578,3.6,0.33,0.74,0.51,0.70,0.90,0.83,0.44,0.62,0.09
Joe Mauer,33.2,Twins,158,592,666,157,69,10,66,2,0.265,34,67,112,1,0.10,0.17,0.6,0.338,0.38,0.718,0.115,0.309,2.76,0.20,0.103,0.56,0.04,0.24,0.31,0.37,0.32,0.17,0.54,0.29,1017,1.53,1698,2.55,2715,4.08,0.28,0.58,0.41,0.75,0.90,0.85,0.46,0.57,0.06
Jose Reyes,33.1,2 Teams,116,481,519,132,57,7,53,24,0.274,25,26,62,6,0.05,0.12,0.42,0.31,0.378,0.688,0.104,0.301,1.23,0.36,0.047,0.44,0.22,0.20,0.43,0.36,0.22,0.25,0.56,0.19,598,1.15,1206,2.32,1804,3.48,0.35,0.70,0.50,0.75,0.92,0.85,0.44,0.61,0.08
Eric Hosmer,26.7,Royals,158,599,667,178,98,18,93,7,0.297,33,61,108,3,0.09,0.16,0.56,0.363,0.459,0.822,0.162,0.336,2.13,0.24,0.151,0.52,0.10,0.23,0.37,0.35,0.29,0.18,0.50,0.32,984,1.48,1573,2.36,2557,3.83,0.33,0.65,0.46,0.68,0.90,0.81,0.42,0.57,0.09
Dustin Pedroia,32.9,Red Sox,93,381,425,111,46,12,42,2,0.291,19,38,51,2,0.09,0.12,0.75,0.356,0.441,0.797,0.15,0.308,1.58,0.32,0.113,0.51,0.14,0.18,0.40,0.39,0.21,0.18,0.56,0.26,595,1.4,1043,2.45,1638,3.85,0.27,0.60,0.44,0.78,0.93,0.88,0.50,0.57,0.05
Adrian Beltre,37.2,Rangers,143,567,619,163,83,18,83,1,0.287,32,41,65,0,0.07,0.11,0.63,0.334,0.453,0.788,0.166,0.295,1.16,0.36,0.099,0.42,0.08,0.23,0.39,0.39,0.23,0.14,0.52,0.34,783,1.26,1505,2.43,2288,3.7,0.36,0.64,0.49,0.75,0.90,0.84,0.45,0.62,0.08
Jose Altuve,26.2,Astros,154,638,689,200,86,15,66,38,0.313,40,33,67,13,0.05,0.10,0.49,0.353,0.459,0.812,0.146,0.329,1.33,0.35,0.074,0.47,0.08,0.18,0.45,0.36,0.19,0.20,0.54,0.26,745,1.08,1482,2.15,2227,3.23,0.37,0.72,0.53,0.82,0.95,0.90,0.46,0.66,0.05
Luis Valbuena,30.6,Astros,132,434,493,97,62,25,56,1,0.224,18,50,106,0,0.10,0.22,0.47,0.31,0.438,0.748,0.214,0.235,0.75,0.46,0.167,0.34,0.09,0.20,0.45,0.29,0.26,0.15,0.53,0.33,778,1.58,1278,2.59,2056,4.17,0.28,0.71,0.47,0.64,0.84,0.77,0.44,0.57,0.11
Jacoby Ellsbury,32.8,Yankees,111,452,501,116,66,7,33,21,0.257,15,35,86,9,0.07,0.17,0.41,0.318,0.345,0.663,0.088,0.301,1.48,0.31,0.062,0.45,0.11,0.24,0.38,0.35,0.27,0.24,0.55,0.21,662,1.32,1219,2.43,1881,3.75,0.31,0.68,0.49,0.75,0.90,0.85,0.47,0.63,0.07
Scooter Gennett,26.2,Brewers,114,375,391,99,42,6,29,1,0.264,18,12,68,3,0.03,0.17,0.18,0.294,0.381,0.675,0.117,0.309,1.63,0.30,0.067,0.49,0.13,0.22,0.38,0.31,0.32,0.22,0.56,0.22,408,1.04,960,2.46,1368,3.5,0.44,0.74,0.57,0.73,0.93,0.84,0.43,0.66,0.09
Adeiny Hechavarria,27.2,Marlins,130,470,499,132,54,5,48,7,0.281,17,23,78,2,0.05,0.16,0.29,0.315,0.374,0.689,0.094,0.325,1.78,0.29,0.045,0.51,0.08,0.20,0.30,0.39,0.31,0.20,0.55,0.25,540,1.08,1136,2.28,1676,3.36,0.35,0.71,0.53,0.75,0.87,0.83,0.49,0.65,0.09
Josh Reddick,29.4,Athletics,149,526,582,143,67,20,77,10,0.272,25,49,65,2,0.08,0.11,0.75,0.333,0.449,0.781,0.177,0.278,0.95,0.41,0.106,0.38,0.09,0.21,0.36,0.35,0.29,0.17,0.58,0.25,876,1.51,1420,2.44,2296,3.95,0.29,0.64,0.44,0.73,0.93,0.86,0.42,0.56,0.06
Blake Swihart,24.2,Red Sox,84,288,309,79,47,5,31,4,0.274,17,18,77,2,0.06,0.25,0.23,0.319,0.392,0.712,0.118,0.359,1.66,0.28,0.086,0.46,0.12,0.27,0.39,0.34,0.26,0.21,0.53,0.27,420,1.36,790,2.56,1210,3.92,0.33,0.65,0.47,0.64,0.88,0.79,0.46,0.62,0.10
Adam Jones,30.9,Orioles,137,546,581,147,74,27,82,3,0.269,25,24,102,1,0.04,0.18,0.24,0.308,0.474,0.782,0.205,0.286,1.26,0.36,0.168,0.46,0.12,0.18,0.44,0.34,0.22,0.20,0.49,0.30,609,1.05,1387,2.39,1996,3.44,0.48,0.81,0.61,0.67,0.88,0.78,0.41,0.65,0.13
Josh Donaldson,30.6,Blue Jays,158,620,711,184,122,41,123,6,0.297,41,73,133,0,0.10,0.19,0.55,0.371,0.568,0.939,0.271,0.314,1.18,0.38,0.218,0.45,0.10,0.17,0.43,0.34,0.24,0.15,0.48,0.37,1119,1.57,1698,2.39,2817,3.96,0.26,0.71,0.47,0.60,0.83,0.76,0.46,0.57,0.11
Ian Desmond,30.8,Nationals,156,583,641,136,69,19,62,13,0.233,27,45,187,5,0.07,0.29,0.24,0.29,0.384,0.674,0.151,0.307,1.72,0.31,0.154,0.53,0.13,0.16,0.35,0.36,0.29,0.21,0.51,0.28,819,1.28,1546,2.41,2365,3.69,0.35,0.70,0.50,0.57,0.84,0.73,0.44,0.66,0.13
Mookie Betts,23.7,Red Sox,145,597,654,174,92,18,77,21,0.291,42,46,82,6,0.07,0.13,0.56,0.341,0.479,0.82,0.188,0.31,0.9,0.42,0.082,0.38,0.11,0.20,0.40,0.37,0.23,0.16,0.53,0.31,940,1.44,1694,2.59,2634,4.03,0.26,0.56,0.41,0.73,0.93,0.87,0.50,0.62,0.05
Michael Brantley,29.1,Indians,137,529,596,164,68,15,84,15,0.31,45,60,51,1,0.10,0.09,1.18,0.379,0.48,0.859,0.17,0.318,1.45,0.32,0.099,0.46,0.05,0.23,0.43,0.33,0.25,0.16,0.53,0.31,837,1.4,1312,2.2,2149,3.61,0.25,0.64,0.43,0.84,0.96,0.93,0.46,0.58,0.03
Lorenzo Cain,30.2,Royals,140,551,604,169,101,16,72,28,0.307,34,37,98,6,0.06,0.16,0.38,0.361,0.477,0.838,0.171,0.347,1.45,0.31,0.112,0.46,0.03,0.23,0.34,0.38,0.28,0.13,0.55,0.32,826,1.37,1473,2.44,2299,3.81,0.36,0.68,0.50,0.70,0.91,0.83,0.45,0.60,0.08
Matt Holliday,36.5,Cardinals,73,229,277,64,24,4,35,2,0.279,16,39,49,1,0.14,0.18,0.8,0.394,0.41,0.804,0.131,0.335,1.66,0.29,0.075,0.48,0.09,0.23,0.25,0.42,0.33,0.21,0.46,0.33,429,1.55,633,2.29,1062,3.83,0.31,0.81,0.51,0.68,0.84,0.78,0.40,0.59,0.11
Lonnie Chisenhall,27.7,Indians,106,333,362,82,38,7,44,4,0.246,19,23,69,1,0.06,0.19,0.33,0.294,0.372,0.667,0.126,0.288,1.02,0.40,0.066,0.41,0.21,0.20,0.40,0.34,0.26,0.28,0.49,0.23,411,1.14,904,2.5,1315,3.63,0.40,0.70,0.54,0.74,0.90,0.83,0.45,0.65,0.09
Dexter Fowler,30.3,Cubs,156,596,690,149,102,17,46,20,0.25,29,84,154,7,0.12,0.22,0.55,0.346,0.411,0.757,0.161,0.308,1.19,0.36,0.106,0.43,0.06,0.20,0.44,0.31,0.25,0.17,0.56,0.28,1171,1.7,1648,2.39,2819,4.09,0.21,0.68,0.42,0.64,0.87,0.80,0.44,0.59,0.08
Ryan Braun,32.6,Brewers,140,506,568,144,87,25,84,24,0.285,27,54,115,4,0.10,0.20,0.47,0.356,0.498,0.854,0.213,0.322,1.6,0.31,0.205,0.50,0.03,0.19,0.31,0.38,0.31,0.14,0.50,0.36,758,1.33,1383,2.43,2141,3.77,0.37,0.71,0.51,0.67,0.88,0.79,0.41,0.64,0.11
Troy Tulowitzki,31.7,2 Teams,128,486,534,136,77,17,70,1,0.28,27,38,114,0,0.07,0.21,0.33,0.337,0.44,0.777,0.16,0.331,1.11,0.37,0.122,0.41,0.13,0.22,0.49,0.29,0.22,0.16,0.47,0.37,774,1.45,1337,2.5,2111,3.95,0.31,0.64,0.46,0.69,0.85,0.79,0.46,0.58,0.09
Seth Smith,33.8,Mariners,136,395,452,98,54,12,42,0,0.248,31,47,99,0,0.10,0.22,0.47,0.33,0.443,0.773,0.195,0.298,1.11,0.38,0.105,0.42,0.02,0.20,0.39,0.35,0.27,0.15,0.49,0.36,758,1.68,1147,2.54,1905,4.21,0.26,0.60,0.41,0.58,0.84,0.74,0.44,0.55,0.10
DJ LeMahieu,28,Rockies,150,564,620,170,85,6,61,23,0.301,21,50,107,3,0.08,0.17,0.47,0.358,0.388,0.746,0.087,0.362,2.8,0.20,0.067,0.55,0.01,0.26,0.21,0.40,0.39,0.12,0.62,0.26,901,1.45,1550,2.5,2451,3.95,0.25,0.64,0.44,0.73,0.91,0.85,0.49,0.59,0.06
Francisco Cervelli,30.3,Pirates,130,451,510,133,56,7,43,1,0.295,17,46,94,1,0.09,0.18,0.49,0.37,0.401,0.771,0.106,0.359,1.94,0.27,0.073,0.52,0.03,0.21,0.37,0.36,0.28,0.16,0.54,0.31,790,1.55,1213,2.38,2003,3.93,0.22,0.63,0.42,0.67,0.88,0.82,0.49,0.61,0.07
Khris Davis,28.5,Brewers,121,392,440,97,54,27,66,6,0.247,16,44,122,2,0.10,0.28,0.36,0.323,0.505,0.828,0.258,0.285,1.05,0.40,0.245,0.43,0.07,0.17,0.41,0.39,0.20,0.18,0.48,0.34,656,1.49,1121,2.55,1777,4.04,0.29,0.73,0.49,0.52,0.76,0.69,0.46,0.59,0.15
Danny Valencia,31.8,2 Teams,105,345,378,100,59,18,66,2,0.29,23,29,80,2,0.08,0.21,0.36,0.345,0.519,0.864,0.229,0.329,1.73,0.30,0.222,0.52,0.09,0.17,0.48,0.34,0.18,0.15,0.50,0.35,495,1.31,891,2.36,1386,3.67,0.34,0.63,0.47,0.57,0.87,0.75,0.45,0.64,0.12
Miguel Cabrera,33.2,Tigers,119,429,511,145,64,18,76,1,0.338,28,77,82,1,0.15,0.16,0.94,0.44,0.534,0.974,0.196,0.384,1.29,0.33,0.158,0.42,0.04,0.25,0.36,0.31,0.34,0.10,0.50,0.40,812,1.59,1173,2.3,1985,3.88,0.31,0.71,0.48,0.67,0.86,0.79,0.42,0.58,0.10
Russell Martin,33.4,Blue Jays,129,441,507,106,76,23,77,4,0.24,23,53,106,5,0.11,0.21,0.5,0.329,0.458,0.787,0.218,0.262,1.53,0.33,0.207,0.51,0.19,0.16,0.38,0.36,0.26,0.17,0.54,0.29,844,1.66,1268,2.5,2112,4.17,0.24,0.60,0.41,0.63,0.87,0.80,0.48,0.58,0.08
Ketel Marte,22.7,Mariners,57,219,247,62,25,2,17,8,0.283,14,24,43,4,0.10,0.17,0.56,0.351,0.402,0.753,0.119,0.341,2,0.26,0.044,0.52,0.13,0.22,0.39,0.35,0.26,0.22,0.56,0.22,360,1.46,592,2.4,952,3.85,0.27,0.63,0.43,0.69,0.88,0.82,0.45,0.57,0.08
Wilmer Flores,24.9,Mets,137,483,510,127,55,16,59,0,0.263,22,19,63,1,0.04,0.12,0.3,0.295,0.408,0.703,0.145,0.273,1.13,0.37,0.103,0.42,0.16,0.21,0.39,0.34,0.28,0.22,0.50,0.29,653,1.28,1316,2.58,1969,3.86,0.32,0.68,0.49,0.82,0.90,0.87,0.48,0.61,0.06
Adrian Gonzalez,34.1,Dodgers,156,571,643,157,76,28,90,0,0.275,33,62,107,1,0.10,0.17,0.58,0.35,0.48,0.83,0.205,0.294,1.02,0.37,0.164,0.37,0.07,0.26,0.40,0.33,0.26,0.15,0.50,0.36,948,1.47,1537,2.39,2485,3.86,0.34,0.74,0.51,0.67,0.88,0.80,0.42,0.54,0.10
Michael Conforto,23.3,Mets,56,174,194,47,30,9,26,0,0.27,14,17,39,1,0.09,0.20,0.44,0.335,0.506,0.841,0.236,0.297,1,0.39,0.17,0.39,0.13,0.23,0.45,0.35,0.20,0.17,0.42,0.41,295,1.52,448,2.31,743,3.83,0.24,0.68,0.43,0.61,0.87,0.79,0.44,0.52,0.09
Mike Trout,24.9,Angels,159,575,682,172,104,41,90,11,0.299,32,92,158,7,0.14,0.23,0.58,0.402,0.59,0.991,0.29,0.344,0.97,0.38,0.253,0.37,0.03,0.24,0.38,0.33,0.29,0.12,0.48,0.41,1248,1.83,1732,2.54,2980,4.37,0.25,0.56,0.39,0.66,0.88,0.80,0.45,0.57,0.08
Maikel Franco,23.8,Phillies,80,304,335,85,45,14,50,1,0.28,22,26,52,0,0.08,0.16,0.5,0.343,0.497,0.84,0.217,0.297,1.35,0.35,0.159,0.47,0.15,0.18,0.45,0.39,0.17,0.22,0.49,0.29,444,1.33,754,2.25,1198,3.58,0.34,0.69,0.49,0.62,0.87,0.77,0.42,0.56,0.11
David Wright,33.5,Mets,38,152,174,44,24,5,17,2,0.289,7,22,36,1,0.13,0.21,0.61,0.379,0.434,0.814,0.145,0.351,0.93,0.39,0.111,0.36,0.07,0.25,0.34,0.39,0.28,0.20,0.47,0.34,270,1.55,416,2.39,686,3.94,0.26,0.67,0.45,0.65,0.86,0.80,0.47,0.55,0.09
Evan Gattis,29.9,Astros,153,566,604,139,66,27,88,0,0.246,20,30,119,1,0.05,0.20,0.25,0.285,0.463,0.748,0.217,0.264,1.22,0.37,0.16,0.46,0.13,0.17,0.40,0.36,0.24,0.22,0.47,0.31,729,1.21,1373,2.27,2102,3.48,0.38,0.70,0.51,0.67,0.85,0.77,0.42,0.60,0.12
Yunel Escobar,33.7,Nationals,139,535,591,168,75,9,56,2,0.314,25,45,70,2,0.08,0.12,0.64,0.375,0.415,0.79,0.101,0.347,2.35,0.23,0.083,0.55,0.06,0.22,0.38,0.35,0.28,0.18,0.55,0.28,723,1.22,1268,2.15,1991,3.37,0.29,0.76,0.50,0.67,0.92,0.84,0.46,0.64,0.08
Robinson Cano,33.7,Mariners,156,624,674,179,82,21,79,2,0.287,34,43,107,6,0.06,0.16,0.4,0.334,0.446,0.779,0.159,0.316,1.99,0.25,0.159,0.51,0.05,0.24,0.36,0.41,0.23,0.17,0.51,0.32,867,1.29,1578,2.34,2445,3.63,0.33,0.73,0.51,0.69,0.90,0.83,0.44,0.59,0.09
Starling Marte,27.7,Pirates,153,579,633,166,84,19,81,30,0.287,30,27,123,10,0.04,0.19,0.22,0.337,0.444,0.78,0.157,0.333,2.37,0.23,0.186,0.54,0.10,0.24,0.44,0.35,0.21,0.21,0.50,0.29,704,1.11,1577,2.49,2281,3.6,0.40,0.78,0.58,0.59,0.86,0.76,0.47,0.70,0.14
Logan Forsythe,29.5,Rays,153,540,615,152,69,17,68,9,0.281,33,55,111,4,0.09,0.18,0.5,0.359,0.444,0.804,0.163,0.323,0.98,0.41,0.097,0.40,0.08,0.20,0.39,0.36,0.25,0.15,0.54,0.31,954,1.55,1586,2.58,2540,4.13,0.25,0.58,0.41,0.71,0.89,0.83,0.49,0.62,0.07
Jung-ho Kang,29.2,Pirates,126,421,467,121,60,15,58,5,0.287,24,28,99,4,0.06,0.21,0.28,0.355,0.461,0.816,0.173,0.344,1.81,0.28,0.169,0.50,0.07,0.23,0.46,0.33,0.21,0.18,0.48,0.34,701,1.5,1180,2.53,1881,4.03,0.26,0.61,0.43,0.58,0.85,0.77,0.48,0.60,0.10
Trevor Plouffe,30,Twins,152,573,632,140,74,22,86,2,0.244,35,50,124,1,0.08,0.20,0.4,0.307,0.435,0.742,0.19,0.274,1.01,0.41,0.12,0.41,0.12,0.18,0.43,0.35,0.23,0.18,0.49,0.34,862,1.36,1541,2.44,2403,3.8,0.26,0.66,0.45,0.62,0.88,0.81,0.49,0.65,0.09
Evan Longoria,30.7,Rays,160,604,670,163,74,21,73,3,0.27,35,51,132,1,0.08,0.20,0.39,0.328,0.435,0.764,0.166,0.309,0.96,0.40,0.108,0.39,0.11,0.21,0.42,0.32,0.26,0.15,0.54,0.31,934,1.39,1602,2.39,2536,3.79,0.31,0.68,0.48,0.67,0.85,0.79,0.45,0.59,0.10
Cory Spangenberg,25.3,Padres,108,303,345,82,38,4,21,9,0.271,17,28,75,4,0.08,0.22,0.37,0.333,0.399,0.733,0.129,0.344,2.06,0.25,0.075,0.51,0.04,0.25,0.33,0.33,0.34,0.22,0.53,0.25,482,1.4,808,2.34,1290,3.74,0.32,0.66,0.47,0.61,0.90,0.79,0.44,0.64,0.10
Didi Gregorius,26.4,Yankees,155,525,578,139,57,9,56,5,0.265,24,33,85,3,0.06,0.15,0.39,0.318,0.37,0.688,0.105,0.297,1.31,0.34,0.06,0.45,0.09,0.21,0.39,0.35,0.27,0.22,0.56,0.23,706,1.22,1387,2.4,2093,3.62,0.37,0.71,0.52,0.68,0.87,0.80,0.44,0.63,0.11
Howie Kendrick,33,Dodgers,117,464,495,137,64,9,54,6,0.295,22,27,82,2,0.06,0.17,0.33,0.336,0.409,0.746,0.114,0.342,3.52,0.17,0.141,0.59,0.00,0.25,0.27,0.41,0.32,0.16,0.54,0.29,614,1.24,1250,2.53,1864,3.77,0.34,0.71,0.52,0.66,0.90,0.81,0.48,0.63,0.10
Travis d'Arnaud,27.4,Mets,67,239,268,64,31,12,41,0,0.268,14,23,49,0,0.09,0.18,0.47,0.34,0.485,0.825,0.218,0.289,0.89,0.42,0.15,0.37,0.16,0.21,0.41,0.29,0.30,0.18,0.54,0.29,363,1.35,625,2.33,988,3.69,0.28,0.67,0.47,0.63,0.86,0.79,0.48,0.62,0.10
George Springer,26.8,Astros,102,388,451,107,59,16,41,16,0.276,19,50,109,4,0.11,0.24,0.46,0.367,0.459,0.826,0.183,0.342,1.51,0.30,0.188,0.45,0.04,0.25,0.34,0.39,0.27,0.20,0.47,0.33,730,1.62,1060,2.35,1790,3.97,0.23,0.71,0.46,0.60,0.73,0.70,0.48,0.61,0.14
Elvis Andrus,27.8,Rangers,160,596,661,154,69,7,62,25,0.258,34,46,78,9,0.07,0.12,0.59,0.309,0.357,0.667,0.099,0.283,1.48,0.32,0.043,0.47,0.10,0.21,0.44,0.31,0.25,0.18,0.55,0.27,905,1.37,1540,2.33,2445,3.7,0.27,0.61,0.43,0.72,0.93,0.86,0.49,0.62,0.06
Yasmani Grandal,27.6,Dodgers,115,355,426,83,43,16,47,0,0.234,12,65,92,1,0.15,0.22,0.71,0.353,0.403,0.756,0.169,0.268,1.22,0.37,0.163,0.46,0.15,0.17,0.37,0.40,0.23,0.20,0.50,0.30,738,1.73,1025,2.41,1763,4.14,0.23,0.60,0.39,0.63,0.87,0.79,0.44,0.58,0.08
Curtis Granderson,35.3,Mets,157,580,682,150,98,26,70,11,0.259,33,91,151,6,0.13,0.22,0.6,0.364,0.457,0.821,0.198,0.305,0.73,0.42,0.143,0.31,0.08,0.27,0.48,0.31,0.21,0.13,0.50,0.37,1227,1.8,1754,2.57,2981,4.37,0.21,0.61,0.38,0.65,0.89,0.82,0.44,0.53,0.07
Cesar Hernandez,26.1,Phillies,127,405,452,110,57,1,35,19,0.272,20,40,86,5,0.09,0.19,0.47,0.339,0.348,0.687,0.077,0.342,2.48,0.22,0.015,0.54,0.03,0.24,0.32,0.37,0.31,0.21,0.55,0.24,597,1.32,1031,2.28,1628,3.6,0.28,0.69,0.46,0.59,0.90,0.80,0.45,0.58,0.09
James McCann,26,Tigers,114,401,425,106,32,7,41,0,0.264,18,16,90,1,0.04,0.21,0.18,0.297,0.387,0.683,0.122,0.325,1.84,0.27,0.084,0.50,0.07,0.23,0.39,0.36,0.26,0.16,0.58,0.26,469,1.1,1032,2.43,1501,3.53,0.41,0.68,0.53,0.60,0.88,0.77,0.47,0.63,0.12
Javier Baez,23.6,Cubs,28,76,80,22,4,1,4,1,0.289,6,4,24,2,0.05,0.30,0.17,0.325,0.408,0.733,0.118,0.412,1.19,0.31,0.063,0.37,0.06,0.31,0.33,0.35,0.33,0.08,0.60,0.33,101,1.26,210,2.63,311,3.89,0.40,0.68,0.52,0.49,0.83,0.68,0.43,0.69,0.16
Carlos Gomez,30.6,2 Teams,115,435,477,111,61,12,56,17,0.255,29,31,101,9,0.07,0.21,0.31,0.314,0.409,0.724,0.154,0.307,1.12,0.38,0.097,0.43,0.12,0.19,0.40,0.36,0.25,0.23,0.47,0.30,591,1.24,1153,2.42,1744,3.66,0.39,0.78,0.56,0.64,0.85,0.77,0.44,0.64,0.13
Manny Machado,24,Orioles,162,633,713,181,102,35,86,20,0.286,30,70,111,8,0.10,0.16,0.63,0.359,0.502,0.861,0.216,0.297,1.14,0.39,0.176,0.44,0.14,0.18,0.38,0.37,0.25,0.16,0.51,0.33,1107,1.55,1682,2.36,2789,3.91,0.26,0.66,0.44,0.70,0.91,0.84,0.45,0.58,0.07
Jason Kipnis,29.2,Indians,141,565,641,171,86,9,52,12,0.303,43,57,107,8,0.09,0.17,0.53,0.372,0.451,0.823,0.149,0.356,1.6,0.28,0.069,0.45,0.07,0.27,0.35,0.36,0.29,0.15,0.55,0.30,933,1.46,1607,2.51,2540,3.96,0.27,0.62,0.44,0.67,0.92,0.84,0.47,0.56,0.07
Dee Gordon,28.2,Marlins,145,615,653,205,88,4,46,58,0.333,24,25,91,20,0.04,0.14,0.27,0.359,0.418,0.776,0.085,0.383,3.19,0.19,0.043,0.60,0.03,0.22,0.30,0.39,0.31,0.21,0.62,0.18,693,1.06,1555,2.38,2248,3.44,0.38,0.65,0.51,0.79,0.94,0.88,0.48,0.65,0.06
Nolan Arenado,25.2,Rockies,157,616,665,177,97,42,130,2,0.287,43,34,110,5,0.05,0.17,0.31,0.323,0.575,0.898,0.287,0.284,0.78,0.44,0.185,0.34,0.11,0.22,0.46,0.34,0.21,0.15,0.50,0.36,793,1.19,1529,2.3,2322,3.49,0.40,0.74,0.55,0.64,0.91,0.80,0.45,0.60,0.11
Brian Dozier,29.1,Twins,157,628,704,148,101,28,77,12,0.236,39,61,148,4,0.09,0.21,0.41,0.307,0.444,0.751,0.209,0.261,0.76,0.44,0.131,0.33,0.20,0.23,0.60,0.24,0.16,0.19,0.52,0.29,1062,1.51,1771,2.52,2833,4.02,0.31,0.64,0.46,0.69,0.86,0.80,0.44,0.60,0.09
Jordy Mercer,29.8,Pirates,116,394,430,96,34,3,34,3,0.244,21,27,73,2,0.06,0.17,0.37,0.293,0.32,0.613,0.076,0.29,1.6,0.31,0.03,0.49,0.06,0.21,0.39,0.37,0.24,0.17,0.59,0.25,551,1.28,1052,2.45,1603,3.73,0.32,0.59,0.45,0.70,0.91,0.83,0.48,0.60,0.07
J.J. Hardy,33.9,Orioles,114,411,437,90,45,8,37,0,0.219,14,20,88,0,0.05,0.20,0.23,0.253,0.311,0.564,0.092,0.257,1.49,0.33,0.074,0.49,0.10,0.18,0.40,0.40,0.20,0.20,0.57,0.24,645,1.48,1144,2.62,1789,4.09,0.29,0.54,0.40,0.71,0.92,0.84,0.47,0.59,0.06
Jackie Bradley Jr.,26.2,Red Sox,74,221,255,55,43,10,43,3,0.249,17,27,69,0,0.11,0.27,0.39,0.335,0.498,0.832,0.249,0.31,1.32,0.36,0.179,0.48,0.05,0.16,0.46,0.32,0.22,0.17,0.51,0.32,407,1.6,660,2.59,1067,4.18,0.27,0.65,0.44,0.57,0.79,0.72,0.45,0.60,0.13
Wil Myers,25.6,Padres,60,225,253,57,40,8,29,5,0.253,13,27,55,2,0.11,0.22,0.49,0.336,0.427,0.763,0.173,0.302,1.34,0.36,0.136,0.48,0.12,0.17,0.44,0.38,0.18,0.14,0.54,0.33,434,1.72,642,2.54,1076,4.25,0.24,0.63,0.43,0.53,0.86,0.76,0.48,0.61,0.10
Anthony Rendon,26.1,Nationals,80,311,355,82,43,5,25,1,0.264,16,36,70,2,0.10,0.20,0.51,0.344,0.363,0.707,0.1,0.321,1.36,0.33,0.062,0.45,0.05,0.21,0.39,0.32,0.29,0.13,0.56,0.32,619,1.74,937,2.64,1556,4.38,0.18,0.61,0.38,0.76,0.89,0.86,0.47,0.59,0.05
Erick Aybar,32.5,Angels,156,597,638,161,74,3,44,15,0.27,30,25,73,6,0.04,0.11,0.34,0.301,0.338,0.639,0.069,0.3,1.99,0.26,0.023,0.53,0.05,0.21,0.40,0.38,0.22,0.17,0.60,0.23,701,1.1,1454,2.28,2155,3.38,0.39,0.68,0.52,0.79,0.94,0.88,0.45,0.64,0.06
Jay Bruce,29.2,Reds,157,580,649,131,72,26,87,9,0.226,35,58,145,5,0.09,0.22,0.4,0.294,0.434,0.729,0.209,0.251,0.84,0.44,0.133,0.37,0.06,0.19,0.47,0.30,0.23,0.14,0.51,0.35,988,1.52,1555,2.4,2543,3.92,0.32,0.75,0.49,0.62,0.87,0.77,0.39,0.59,0.11
Martin Prado,32.7,Marlins,129,500,551,144,52,9,63,1,0.288,22,37,68,0,0.07,0.12,0.54,0.338,0.394,0.732,0.106,0.313,1.56,0.30,0.068,0.47,0.14,0.23,0.31,0.40,0.29,0.17,0.56,0.27,770,1.4,1387,2.52,2157,3.91,0.27,0.53,0.40,0.77,0.95,0.89,0.50,0.63,0.04
Josh Harrison,29,Pirates,114,418,449,120,57,4,28,10,0.287,29,19,71,8,0.04,0.16,0.27,0.327,0.39,0.717,0.103,0.336,1.24,0.34,0.034,0.42,0.06,0.25,0.36,0.36,0.28,0.19,0.52,0.29,479,1.07,1088,2.42,1567,3.49,0.40,0.70,0.55,0.73,0.87,0.82,0.51,0.63,0.10
Colby Rasmus,29.9,Astros,137,432,485,103,67,25,61,2,0.238,23,47,154,1,0.10,0.32,0.31,0.314,0.475,0.789,0.236,0.305,0.55,0.52,0.176,0.28,0.10,0.20,0.53,0.27,0.20,0.16,0.50,0.34,771,1.59,1240,2.56,2011,4.15,0.28,0.71,0.46,0.52,0.79,0.70,0.44,0.63,0.14
Andre Ethier,34.2,Dodgers,142,395,445,116,54,14,53,2,0.294,20,43,75,3,0.10,0.17,0.57,0.366,0.486,0.852,0.192,0.33,1.09,0.35,0.123,0.38,0.06,0.26,0.42,0.37,0.21,0.18,0.50,0.33,635,1.43,1074,2.41,1709,3.84,0.31,0.70,0.49,0.65,0.91,0.81,0.44,0.58,0.09
A.J. Pollock,28.6,Diamondbacks,157,609,673,192,111,20,76,39,0.315,39,53,89,7,0.08,0.13,0.6,0.367,0.498,0.865,0.182,0.338,1.74,0.29,0.132,0.50,0.09,0.21,0.39,0.37,0.24,0.15,0.51,0.34,831,1.23,1530,2.27,2361,3.51,0.31,0.64,0.47,0.67,0.95,0.85,0.47,0.64,0.07
Todd Frazier,30.4,Reds,157,619,678,158,82,35,89,13,0.255,43,44,137,8,0.07,0.20,0.32,0.309,0.498,0.806,0.242,0.271,0.69,0.48,0.151,0.33,0.17,0.19,0.46,0.33,0.21,0.18,0.45,0.37,907,1.34,1658,2.45,2565,3.78,0.38,0.76,0.54,0.64,0.85,0.77,0.42,0.60,0.12
Gregory Polanco,24.8,Pirates,153,593,652,152,83,9,52,27,0.256,35,55,121,10,0.08,0.19,0.45,0.32,0.381,0.701,0.125,0.308,1.3,0.35,0.055,0.45,0.09,0.20,0.39,0.36,0.25,0.18,0.53,0.30,954,1.46,1574,2.41,2528,3.88,0.31,0.63,0.44,0.71,0.89,0.82,0.42,0.57,0.08
Jose Bautista,35.7,Blue Jays,153,543,666,136,108,40,114,8,0.25,29,110,106,2,0.17,0.16,1.04,0.377,0.536,0.913,0.285,0.237,0.76,0.49,0.184,0.37,0.14,0.14,0.53,0.28,0.19,0.17,0.48,0.35,1162,1.74,1579,2.37,2741,4.12,0.23,0.62,0.40,0.68,0.87,0.81,0.44,0.53,0.08
Marcell Ozuna,25.6,Marlins,123,459,494,119,47,10,44,2,0.259,27,30,110,3,0.06,0.22,0.27,0.308,0.383,0.691,0.124,0.32,1.56,0.31,0.093,0.48,0.10,0.21,0.35,0.35,0.30,0.18,0.48,0.35,650,1.32,1182,2.39,1832,3.71,0.34,0.67,0.48,0.57,0.87,0.75,0.44,0.62,0.12
Delino Deshields,23.9,Rangers,121,425,492,111,83,2,37,25,0.261,22,53,101,8,0.11,0.21,0.52,0.344,0.374,0.718,0.113,0.334,1.41,0.34,0.019,0.47,0.06,0.19,0.37,0.37,0.27,0.22,0.57,0.21,735,1.49,1188,2.41,1923,3.91,0.20,0.55,0.38,0.57,0.86,0.78,0.51,0.62,0.08
Alex Gordon,32.4,Royals,104,354,422,96,40,13,48,2,0.271,18,49,92,5,0.12,0.22,0.53,0.377,0.432,0.809,0.161,0.327,1,0.38,0.13,0.38,0.08,0.25,0.46,0.36,0.18,0.19,0.48,0.33,703,1.67,980,2.32,1683,3.99,0.23,0.68,0.43,0.61,0.86,0.78,0.45,0.59,0.09
Joc Pederson,24.2,Dodgers,151,480,585,101,67,26,54,4,0.21,19,92,170,7,0.16,0.29,0.54,0.346,0.417,0.763,0.206,0.262,0.98,0.42,0.197,0.42,0.15,0.16,0.44,0.35,0.22,0.20,0.42,0.37,1026,1.75,1438,2.46,2464,4.21,0.27,0.65,0.43,0.49,0.77,0.67,0.42,0.57,0.14
Brett Gardner,32.9,Yankees,151,571,656,148,94,16,66,20,0.259,26,68,135,5,0.10,0.21,0.5,0.343,0.399,0.742,0.14,0.312,1.34,0.34,0.11,0.45,0.06,0.21,0.35,0.35,0.31,0.14,0.60,0.26,1091,1.66,1641,2.5,2732,4.16,0.23,0.56,0.38,0.66,0.89,0.81,0.44,0.52,0.07
Andrelton Simmons,26.8,Braves,147,535,583,142,60,4,44,5,0.265,23,39,48,3,0.07,0.08,0.81,0.321,0.338,0.66,0.073,0.285,2.51,0.22,0.037,0.56,0.09,0.21,0.35,0.42,0.23,0.21,0.56,0.23,700,1.2,1206,2.07,1906,3.27,0.29,0.65,0.47,0.80,0.94,0.89,0.49,0.64,0.05
Matt Duffy,25.5,Giants,149,573,612,169,77,12,77,12,0.295,28,30,96,0,0.05,0.16,0.31,0.334,0.428,0.762,0.133,0.336,1.98,0.27,0.094,0.53,0.03,0.21,0.32,0.35,0.33,0.15,0.57,0.28,817,1.33,1454,2.38,2271,3.71,0.31,0.64,0.46,0.69,0.92,0.84,0.46,0.64,0.08
Joe Panik,25.7,Giants,100,382,432,119,59,8,37,3,0.312,27,38,42,2,0.09,0.10,0.9,0.378,0.455,0.833,0.144,0.33,1.28,0.34,0.069,0.43,0.08,0.23,0.34,0.37,0.29,0.20,0.50,0.30,609,1.41,983,2.28,1592,3.69,0.25,0.65,0.43,0.82,0.93,0.90,0.46,0.59,0.04
Brandon Crawford,29.4,Giants,143,507,561,130,65,21,84,6,0.256,33,39,119,4,0.07,0.21,0.33,0.321,0.462,0.782,0.205,0.294,1.42,0.34,0.162,0.48,0.06,0.19,0.40,0.38,0.23,0.16,0.52,0.33,770,1.37,1399,2.49,2169,3.87,0.35,0.76,0.53,0.56,0.84,0.74,0.43,0.62,0.14
Kyle Schwarber,23.3,Cubs,69,232,273,57,52,16,43,3,0.246,6,36,77,3,0.13,0.28,0.47,0.355,0.487,0.842,0.241,0.293,0.95,0.42,0.242,0.40,0.08,0.17,0.47,0.32,0.21,0.15,0.46,0.40,454,1.66,709,2.6,1163,4.26,0.31,0.66,0.45,0.58,0.75,0.68,0.40,0.60,0.14
Mike Moustakas,27.8,Royals,147,549,614,156,73,22,82,1,0.284,34,43,76,2,0.07,0.12,0.57,0.348,0.47,0.817,0.186,0.294,0.96,0.41,0.112,0.40,0.15,0.19,0.39,0.33,0.27,0.20,0.49,0.31,897,1.46,1538,2.5,2435,3.97,0.34,0.66,0.48,0.75,0.91,0.85,0.45,0.58,0.07
Justin Upton,28.8,Padres,150,542,620,136,85,26,81,19,0.251,26,68,159,5,0.11,0.26,0.43,0.336,0.454,0.79,0.203,0.304,0.88,0.44,0.152,0.39,0.06,0.17,0.39,0.36,0.25,0.15,0.50,0.35,1007,1.62,1507,2.43,2514,4.05,0.25,0.69,0.45,0.51,0.78,0.70,0.46,0.58,0.13
Cameron Maybin,29.2,Braves,141,505,555,135,65,10,59,23,0.267,18,45,102,6,0.08,0.18,0.44,0.327,0.37,0.697,0.103,0.316,2.89,0.20,0.123,0.58,0.12,0.22,0.38,0.33,0.29,0.21,0.58,0.21,798,1.44,1376,2.48,2174,3.92,0.27,0.62,0.44,0.64,0.90,0.81,0.48,0.61,0.08
Yadier Molina,34,Cardinals,136,488,530,132,34,4,61,3,0.27,23,32,59,1,0.06,0.11,0.54,0.31,0.35,0.66,0.08,0.295,1.49,0.32,0.029,0.48,0.11,0.20,0.36,0.33,0.31,0.18,0.57,0.25,618,1.17,1194,2.25,1812,3.42,0.37,0.76,0.55,0.81,0.88,0.85,0.46,0.62,0.08
Kendrys Morales,33,Royals,158,569,639,165,81,22,106,0,0.29,41,58,103,0,0.09,0.16,0.56,0.362,0.485,0.847,0.195,0.319,1.29,0.35,0.135,0.45,0.03,0.20,0.40,0.37,0.23,0.14,0.51,0.35,945,1.48,1497,2.34,2442,3.82,0.33,0.71,0.49,0.62,0.88,0.78,0.42,0.55,0.10
Eddie Rosario,24.8,Twins,122,453,474,121,60,13,50,11,0.267,18,15,118,6,0.03,0.25,0.13,0.289,0.459,0.748,0.192,0.332,0.96,0.41,0.096,0.39,0.12,0.20,0.39,0.36,0.25,0.18,0.53,0.29,485,1.02,1207,2.55,1692,3.57,0.46,0.76,0.59,0.64,0.84,0.75,0.44,0.66,0.15
Kevin Pillar,27.5,Blue Jays,159,586,628,163,76,12,56,25,0.278,31,28,85,4,0.05,0.14,0.33,0.314,0.399,0.713,0.121,0.306,1.13,0.37,0.066,0.41,0.18,0.22,0.43,0.30,0.27,0.25,0.51,0.25,694,1.11,1568,2.5,2262,3.6,0.41,0.63,0.51,0.74,0.90,0.83,0.47,0.65,0.09
David Freese,33.2,Angels,121,424,470,109,53,14,56,1,0.257,27,31,107,1,0.07,0.23,0.29,0.323,0.42,0.743,0.163,0.31,1.93,0.28,0.156,0.54,0.07,0.18,0.38,0.31,0.31,0.16,0.50,0.34,677,1.44,1165,2.48,1842,3.92,0.31,0.63,0.46,0.59,0.89,0.78,0.46,0.60,0.10
Brian McCann,32.4,Yankees,135,465,535,108,68,26,94,0,0.232,15,52,97,0,0.10,0.18,0.54,0.32,0.437,0.756,0.204,0.235,0.77,0.47,0.149,0.36,0.08,0.17,0.50,0.32,0.18,0.15,0.53,0.32,779,1.46,1315,2.46,2094,3.91,0.32,0.56,0.42,0.74,0.93,0.85,0.43,0.56,0.07
Stephen Piscotty,25.5,Cardinals,63,233,256,71,29,7,39,2,0.305,15,20,56,1,0.08,0.22,0.36,0.359,0.494,0.853,0.189,0.372,1.35,0.34,0.117,0.45,0.02,0.21,0.35,0.31,0.34,0.16,0.47,0.37,352,1.38,633,2.47,985,3.85,0.33,0.74,0.51,0.63,0.86,0.78,0.45,0.61,0.11
Victor Martinez,37.5,Tigers,120,440,485,108,39,11,64,0,0.245,20,31,52,0,0.06,0.11,0.6,0.301,0.366,0.667,0.12,0.253,1.04,0.39,0.072,0.40,0.07,0.21,0.41,0.36,0.23,0.18,0.52,0.30,692,1.43,1217,2.51,1909,3.94,0.34,0.68,0.49,0.81,0.91,0.87,0.43,0.58,0.06
Brandon Phillips,35,Reds,148,588,623,173,69,12,70,23,0.294,19,27,68,3,0.04,0.11,0.4,0.328,0.395,0.723,0.1,0.315,1.48,0.30,0.076,0.45,0.10,0.25,0.35,0.34,0.32,0.18,0.58,0.24,697,1.12,1471,2.36,2168,3.48,0.39,0.75,0.55,0.68,0.92,0.83,0.46,0.62,0.10
Kyle Seager,28.7,Mariners,161,623,686,166,85,26,74,6,0.266,37,54,98,6,0.08,0.14,0.55,0.328,0.451,0.779,0.185,0.278,0.86,0.41,0.121,0.35,0.10,0.24,0.44,0.32,0.24,0.13,0.55,0.33,938,1.37,1599,2.33,2537,3.7,0.30,0.64,0.46,0.70,0.91,0.83,0.47,0.59,0.08
Alcides Escobar,29.5,Royals,148,612,662,157,76,3,47,17,0.257,20,26,75,5,0.04,0.11,0.35,0.293,0.32,0.614,0.064,0.286,1.6,0.30,0.019,0.48,0.10,0.22,0.32,0.38,0.30,0.21,0.59,0.20,723,1.09,1588,2.4,2311,3.49,0.36,0.69,0.52,0.72,0.90,0.84,0.48,0.68,0.08
Lucas Duda,30.4,Mets,135,471,554,115,67,27,73,0,0.244,33,66,138,2,0.12,0.25,0.48,0.352,0.486,0.838,0.242,0.285,0.54,0.51,0.159,0.27,0.08,0.22,0.39,0.34,0.27,0.11,0.50,0.39,911,1.64,1355,2.45,2266,4.09,0.29,0.64,0.43,0.61,0.88,0.77,0.40,0.51,0.10
Kris Bryant,24.5,Cubs,151,559,650,154,87,26,99,13,0.275,31,77,199,4,0.12,0.31,0.39,0.369,0.488,0.858,0.213,0.378,0.76,0.45,0.158,0.34,0.08,0.21,0.42,0.35,0.24,0.15,0.48,0.38,1039,1.6,1612,2.48,2651,4.08,0.31,0.76,0.50,0.49,0.76,0.66,0.42,0.61,0.17
Miguel Sano,23.1,Twins,80,279,335,75,46,18,52,1,0.269,17,53,119,1,0.16,0.36,0.45,0.385,0.53,0.916,0.262,0.396,0.79,0.42,0.265,0.33,0.07,0.25,0.44,0.29,0.27,0.12,0.45,0.43,612,1.83,843,2.52,1455,4.34,0.26,0.61,0.41,0.34,0.76,0.61,0.42,0.54,0.16
Shin-Soo Choo,34,Rangers,149,555,653,153,94,22,82,4,0.276,32,76,147,2,0.12,0.23,0.52,0.375,0.463,0.838,0.187,0.335,1.79,0.29,0.188,0.51,0.03,0.21,0.44,0.34,0.22,0.15,0.53,0.32,1046,1.6,1560,2.39,2606,3.99,0.25,0.64,0.42,0.64,0.82,0.76,0.44,0.58,0.10
Matt Kemp,31.8,Padres,154,596,648,158,80,23,100,12,0.265,31,39,147,2,0.06,0.23,0.27,0.312,0.443,0.755,0.178,0.311,1.23,0.35,0.143,0.43,0.03,0.21,0.41,0.38,0.21,0.11,0.48,0.41,879,1.36,1655,2.55,2534,3.91,0.37,0.71,0.52,0.63,0.83,0.75,0.44,0.58,0.13
Justin Turner,31.6,Dodgers,126,385,439,113,55,16,60,5,0.294,26,36,71,2,0.08,0.16,0.51,0.37,0.491,0.861,0.197,0.321,1,0.36,0.139,0.36,0.08,0.28,0.37,0.38,0.25,0.12,0.56,0.32,650,1.48,1069,2.44,1719,3.92,0.26,0.70,0.47,0.78,0.87,0.84,0.48,0.59,0.07
Jorge Soler,24.3,Cubs,101,366,404,96,39,10,47,3,0.262,18,32,121,1,0.08,0.30,0.26,0.324,0.399,0.723,0.137,0.361,1.42,0.30,0.135,0.42,0.12,0.28,0.38,0.40,0.22,0.15,0.49,0.36,607,1.5,1014,2.51,1621,4.01,0.34,0.71,0.49,0.47,0.82,0.68,0.41,0.61,0.15
Denard Span,32.3,Nationals,61,246,275,74,38,5,22,11,0.301,17,25,26,0,0.09,0.10,0.96,0.365,0.431,0.796,0.13,0.318,1.96,0.26,0.088,0.51,0.04,0.24,0.34,0.35,0.31,0.20,0.56,0.25,389,1.41,617,2.24,1006,3.66,0.26,0.61,0.42,0.79,0.96,0.90,0.46,0.56,0.04
Jason Heyward,26.9,Cardinals,154,547,610,160,79,13,60,23,0.293,33,56,90,3,0.09,0.15,0.62,0.359,0.439,0.797,0.146,0.329,2.44,0.24,0.12,0.57,0.12,0.19,0.39,0.36,0.25,0.22,0.49,0.29,951,1.56,1397,2.29,2348,3.85,0.26,0.63,0.42,0.68,0.93,0.84,0.43,0.53,0.07
Addison Russell,22.4,Cubs,142,475,523,115,60,13,54,4,0.242,29,42,149,3,0.08,0.29,0.28,0.307,0.389,0.696,0.147,0.324,1.01,0.41,0.098,0.41,0.14,0.18,0.43,0.33,0.25,0.20,0.53,0.27,774,1.48,1380,2.64,2154,4.12,0.31,0.70,0.49,0.51,0.82,0.71,0.45,0.61,0.14
Brandon Belt,28.2,Giants,137,492,556,138,73,18,68,9,0.28,33,56,147,3,0.10,0.26,0.38,0.356,0.478,0.834,0.197,0.363,0.88,0.38,0.136,0.33,0.01,0.29,0.38,0.36,0.26,0.12,0.49,0.40,907,1.63,1413,2.54,2320,4.17,0.29,0.81,0.50,0.62,0.81,0.74,0.41,0.60,0.13
Christian Yelich,24.6,Marlins,126,476,525,143,63,7,44,16,0.3,30,47,101,5,0.09,0.19,0.47,0.366,0.416,0.782,0.116,0.37,4.16,0.15,0.125,0.63,0.00,0.23,0.32,0.41,0.28,0.17,0.50,0.33,841,1.6,1284,2.45,2125,4.05,0.27,0.65,0.43,0.64,0.88,0.80,0.44,0.56,0.09
Neil Walker,30.8,Pirates,151,543,603,146,69,16,71,4,0.269,32,44,110,1,0.07,0.18,0.4,0.328,0.427,0.756,0.158,0.306,1.14,0.37,0.099,0.42,0.05,0.21,0.41,0.35,0.24,0.14,0.54,0.32,829,1.37,1507,2.5,2336,3.87,0.33,0.73,0.50,0.70,0.89,0.82,0.44,0.63,0.09
Odubel Herrera,24.5,Phillies,147,495,537,147,64,8,41,16,0.297,30,28,129,8,0.05,0.24,0.22,0.344,0.418,0.762,0.121,0.387,1.61,0.29,0.076,0.47,0.09,0.24,0.35,0.32,0.33,0.20,0.54,0.26,722,1.34,1433,2.67,2155,4.01,0.35,0.68,0.49,0.61,0.87,0.76,0.43,0.63,0.12
Jose Abreu,29.4,White Sox,154,613,668,178,88,30,101,0,0.29,34,39,140,0,0.06,0.21,0.28,0.347,0.502,0.85,0.212,0.333,1.47,0.32,0.197,0.47,0.11,0.21,0.38,0.36,0.27,0.17,0.49,0.34,897,1.34,1629,2.44,2526,3.78,0.38,0.67,0.51,0.63,0.87,0.77,0.43,0.58,0.11
Yasiel Puig,25.6,Dodgers,79,282,311,72,30,11,38,3,0.255,12,26,66,3,0.08,0.21,0.39,0.322,0.436,0.758,0.181,0.296,1.14,0.39,0.131,0.44,0.08,0.17,0.36,0.38,0.27,0.21,0.48,0.31,446,1.43,766,2.46,1212,3.9,0.35,0.79,0.54,0.63,0.80,0.74,0.44,0.64,0.14
Alex Rodriguez,40.9,Yankees,151,523,620,131,83,33,86,4,0.25,22,84,145,0,0.14,0.23,0.58,0.356,0.486,0.842,0.235,0.278,1.11,0.39,0.221,0.43,0.07,0.18,0.46,0.37,0.17,0.12,0.53,0.35,1018,1.64,1485,2.4,2503,4.04,0.28,0.68,0.45,0.59,0.77,0.70,0.43,0.60,0.13
Xander Bogaerts,23.7,Red Sox,156,613,654,196,84,7,81,10,0.32,35,32,101,2,0.05,0.15,0.32,0.355,0.421,0.776,0.101,0.372,2.05,0.26,0.053,0.53,0.11,0.22,0.34,0.34,0.32,0.21,0.52,0.27,803,1.23,1727,2.64,2530,3.87,0.36,0.64,0.50,0.71,0.89,0.82,0.48,0.62,0.09
Rougned Odor,22.4,Rangers,120,426,470,111,54,16,61,6,0.261,21,23,79,7,0.05,0.17,0.29,0.316,0.465,0.781,0.204,0.283,1.15,0.40,0.118,0.46,0.19,0.15,0.47,0.32,0.22,0.21,0.50,0.29,619,1.32,1136,2.42,1755,3.73,0.36,0.65,0.48,0.72,0.91,0.83,0.43,0.58,0.08
Melky Cabrera,31.9,White Sox,158,629,683,172,70,12,77,3,0.273,36,40,88,0,0.06,0.13,0.45,0.314,0.394,0.709,0.121,0.297,1.55,0.30,0.073,0.46,0.09,0.24,0.37,0.35,0.28,0.16,0.57,0.27,876,1.28,1696,2.48,2572,3.77,0.35,0.64,0.47,0.82,0.92,0.88,0.44,0.61,0.06
Chris Davis,30.3,Orioles,160,573,670,150,100,47,117,2,0.262,31,84,208,3,0.13,0.31,0.4,0.361,0.562,0.923,0.3,0.319,0.73,0.44,0.294,0.32,0.04,0.25,0.56,0.27,0.18,0.10,0.49,0.41,1122,1.67,1664,2.48,2786,4.16,0.31,0.72,0.48,0.51,0.77,0.67,0.42,0.62,0.16
Jace Peterson,26.1,Braves,152,528,597,126,55,6,52,12,0.239,23,56,120,10,0.09,0.20,0.47,0.314,0.335,0.649,0.097,0.296,1.46,0.32,0.047,0.46,0.07,0.22,0.39,0.34,0.28,0.21,0.53,0.26,882,1.48,1488,2.49,2370,3.97,0.28,0.62,0.43,0.65,0.88,0.80,0.45,0.59,0.09
Jed Lowrie,32.2,Astros,69,230,263,51,35,9,30,1,0.222,14,28,43,0,0.11,0.16,0.65,0.312,0.4,0.712,0.178,0.233,0.8,0.44,0.108,0.35,0.05,0.21,0.42,0.32,0.26,0.13,0.51,0.37,440,1.67,646,2.46,1086,4.13,0.24,0.72,0.46,0.78,0.88,0.85,0.45,0.58,0.07